,index,Unnamed: 0.1,Unnamed: 0,scenario,mmsi,ship_type,width,length,draught,nav_status,timestamp,lat,lon,sog,cog,timestamp_obj,ts_mmsi,R_x,R_y,theta,V_x,V_y,lat_ts,lon_ts,sog_ts,cog_ts,f_min,DDV,TDV,V_TDV,V_chg,cog_TDV,cog_chg,theta_rad,distance,ts_dot,DDV_dot,cog_dot,sog_dot,distance_dot,u,u^2,cte
0,582,709,709,466fbc3092,356234000,Cargo,61.0,399.0,12.1,0,1577929210.0,55.94933085714286,11.000899285714285,15.6,28.828571428571426,2020-01-02 02:40:10,257182000,7.159174710196575,3.762535866602524,177.57142857142856,-61.56241277859768,-31.994398247742048,56.068362,11.11278,20.1,206.4,0.040370777580264,0.959629222419736,0.1169561544806788,16.1,0.0320512820512821,35.22406354,6.39549211142857,3.099206086041359,8.087673254934858,10.0,-0.0279855962862072,-0.7714285714285971,0.0,-0.0950072568795317,-0.7714285714285971,0.5951020408163662,0.0
1,583,712,712,466fbc3092,356234000,Cargo,61.0,399.0,12.1,0,1577929220.0,55.9500135,11.00156,15.6,28.350000000000023,2020-01-02 02:40:20,257182000,7.062787420197821,3.713020205262732,177.64999999999998,-61.80404536837887,-31.52725217969236,56.06744271428572,11.111965714285716,20.1,206.0,0.1073821184676055,0.8926178815323944,0.1160268521323141,16.1,0.0320512820512821,36.65478361999998,8.30478361999996,3.1005774161679263,7.979316085203912,10.0,-0.0670113408873416,-0.4785714285714029,0.0,-0.1083571697309455,-0.4785714285714029,0.22903061224487337,11.868524599642699
2,584,715,715,466fbc3092,356234000,Cargo,61.0,399.0,12.1,0,1577929230.0,55.9505855,11.0021025,15.6,27.88333333333333,2020-01-02 02:40:30,257182000,6.978207483376127,3.669820766582964,178.54999999999995,-61.7898995483623,-31.57451566720349,56.066609,11.111221333333331,20.1,206.4333333333333,0.1024490652203866,0.8975509347796133,0.1145962911229981,16.074533520000003,0.0304188153846155,37.72299579999998,9.839662466666647,3.1162853794358747,7.884349316201696,10.0,0.0049330532472189,-0.4666666666666934,0.0,-0.094966769002216,-0.4666666666666934,0.21777777777780272,22.27730235366038
3,585,718,718,466fbc3092,356234000,Cargo,61.0,399.0,12.1,0,1577929240.0,55.95127716666666,11.002749166666666,15.6,27.46666666666664,2020-01-02 02:40:40,257182000,6.886762809082147,3.62261751539302,179.96190476190486,-61.58494285287921,-31.98428970257857,56.065780857142855,11.110462142857145,20.1,207.42857142857144,0.0457515383809134,0.9542484616190866,0.1125674522695056,16.04757172,0.0286904948717949,38.329636299999976,10.862969633333336,3.140927766255702,7.781443288451656,10.0,0.0566975268394732,-0.4166666666666891,0.0,-0.1029060277500404,-0.4166666666666891,0.1736111111111298,35.25277235697415
4,586,721,721,466fbc3092,356234000,Cargo,61.0,399.0,12.1,0,1577929250.0,55.951906,11.003337333333333,15.633333333333333,27.433333333333337,2020-01-02 02:40:50,257182000,6.799576495866194,3.576595853597608,-178.76666666666665,-61.253604309770736,-32.74360127619312,56.06496066666666,11.109679666666668,20.1,208.66666666666663,0.0276975218556747,0.9723024781443252,0.1100546371418983,16.03803306,0.025886976119403,38.54425614999997,11.110922816666635,-3.120066926148529,7.682856137082589,10.0,0.0180540165252386,-0.033333333333303,0.0333333333333332,-0.0985871513690668,-0.033333333333303,0.001111111111109089,47.03974170757675
5,587,724,724,466fbc3092,356234000,Cargo,61.0,399.0,12.1,0,1577929260.0,55.952508,11.00389,15.7,27.19999999999999,2020-01-02 02:41:00,257182000,6.714397582003015,3.5312835450189697,-178.01428571428573,-61.18172603847958,-32.96204830888951,56.064147,11.108882857142858,20.057142857142857,209.18571428571428,0.0412462263378868,0.9587537736621132,0.1083370139608157,16.0,0.0191082802547771,39.39999999999998,12.199999999999989,-3.106935401300192,7.58637583860236,10.0,-0.013548704482212,-0.2333333333333485,0.0666666666666664,-0.0964802984802286,-0.2333333333333485,0.05444444444445152,58.75746203435284
6,588,727,727,466fbc3092,356234000,Cargo,61.0,399.0,12.1,0,1577929270.0,55.953178,11.004496428571429,15.7,26.828571428571426,2020-01-02 02:41:10,257182000,6.630222389416072,3.486472601590572,-177.52857142857147,-61.13673002732175,-32.79929217457139,56.063418,11.108155,20.0,209.3,0.0340893175481252,0.9659106824518748,0.107290819701924,16.0,0.0191082802547771,40.55568593499999,13.727114506428569,-3.098458087790505,7.491017296386111,10.0,0.0071569087897616,-0.371428571428563,0.0,-0.0953585422162488,-0.371428571428563,0.13795918367346313,72.16020171301405
7,589,730,730,466fbc3092,356234000,Cargo,61.0,399.0,12.1,0,1577929280.0,55.95387828571429,11.005130428571428,15.742857142857142,26.81428571428569,2020-01-02 02:41:20,257182000,6.536183109088114,3.436176565170195,-177.61428571428564,-61.24766762973072,-32.770880204510696,56.062555333333336,11.107291333333333,20.0,209.2,0.0294914155756892,0.9705085844243108,0.1057173668668253,16.0,0.0163339382940109,41.25,14.435714285714312,-3.099954084292213,7.384375330558003,10.0,0.0045979019724359,-0.0142857142857373,0.0428571428571427,-0.1066419658281088,-0.0142857142857373,0.00020408163265371877,86.16263706124708
8,590,733,733,466fbc3092,356234000,Cargo,61.0,399.0,12.1,0,1577929290.0,55.95447866666667,11.005673833333333,15.8,26.80000000000001,2020-01-02 02:41:30,257182000,6.449819981893952,3.389685488247246,-177.39999999999998,-61.28384219989769,-32.9324971785664,56.06172033333333,11.106450333333331,20.0,209.4,0.036879650659074,0.963120349340926,0.103995496941769,16.04383789,0.0154327778481011,41.88564940500002,15.085649405000003,-3.0962140930379403,7.286298477833067,10.0,-0.0073882350833847,-0.0142857142856769,0.0571428571428587,-0.0980768527249358,-0.0142857142856769,0.00020408163265199308,98.17396929619125
9,591,736,736,466fbc3092,356234000,Cargo,61.0,399.0,12.1,0,1577929300.0,55.955191166666665,11.0063155,15.8,26.71666666666664,2020-01-02 02:41:40,257182000,6.358257037318745,3.340878076892394,-177.41666666666663,-61.337211515387054,-32.83346736486024,56.060911,11.105638857142855,20.0,209.3,0.0303456437235366,0.9696543562764632,0.1026348350350833,16.094854060000003,0.0186616493670887,42.62538387000004,15.908717203333405,-3.0965049812466057,7.182541254825729,10.0,0.0065340069355371,-0.0833333333333712,0.0,-0.1037572230073378,-0.0833333333333712,0.006944444444450756,112.56285769508139
10,592,739,739,466fbc3092,356234000,Cargo,61.0,399.0,12.1,0,1577929310.0,55.95578166666667,11.006851,15.9,26.866666666666674,2020-01-02 02:41:50,257182000,6.274034775833014,3.2956829963324594,-177.63333333333344,-61.49648592908051,-32.95362587558248,56.06010166666667,11.104828666666666,20.0,209.2333333333333,0.0320139648200352,0.9679860351799648,0.1009408301389156,16.1,0.0125786163522013,43.25643390714289,16.389767240476218,-3.100286527959262,7.0869625920190185,10.0,-0.0016683210964983,0.1500000000000341,0.0999999999999996,-0.0955786628067105,0.1500000000000341,0.02250000000001023,124.33404588205224
11,593,742,742,466fbc3092,356234000,Cargo,61.0,399.0,12.1,0,1577929320.0,55.956505,11.007502,15.9,26.80000000000001,2020-01-02 02:42:00,257182000,6.181853489297526,3.246507907865771,-177.55714285714282,-61.50956270155216,-32.927174966324955,56.05929285714286,11.104015714285714,20.0,209.2428571428572,0.0303312372866332,0.9696687627133668,0.0994786170596636,16.1,0.0125786163522013,44.03449630714288,17.23449630714287,-3.098956753291074,6.982487104103737,10.0,0.0016827275334019,-0.0666666666666628,0.0,-0.1044754879152813,-0.0666666666666628,0.004444444444443928,138.96029778007585
12,594,745,745,466fbc3092,356234000,Cargo,61.0,399.0,12.1,0,1577929330.0,55.95716416666667,11.008092833333334,15.9,26.69999999999999,2020-01-02 02:42:10,257182000,6.0985245928004765,3.2021141584583845,-177.60000000000002,-61.58108980909229,-32.79436656115833,56.058567,11.103285,20.0,209.1,0.0220866276782013,0.9779133723217986,0.0982890955336436,16.1,0.0125786163522013,44.85641948342859,18.1564194834286,-3.0997047515419296,6.888072102757917,10.0,0.0082446096084318,-0.1000000000000227,0.0,-0.09441500134582,-0.1000000000000227,0.01000000000000454,152.39017942756428
13,595,748,748,466fbc3092,356234000,Cargo,61.0,399.0,12.1,0,1577929340.0,55.95779671428571,11.008658,15.942857142857145,26.642857142857167,2020-01-02 02:42:20,257182000,6.0084666988651385,3.154087413536462,-177.70952380952383,-61.72424314931136,-32.705286004911414,56.05770266666666,11.102420333333336,20.0,208.9333333333333,0.014341166901665,0.9856588330983348,0.0968626813226981,16.1,0.0098566308243727,45.50692731542858,18.86407017257141,-3.101616302627447,6.78601057202245,10.0,0.0077454607765361,-0.0571428571428214,0.0428571428571444,-0.102061530735467,-0.0571428571428214,0.0032653061224448944,165.3534023232166
14,596,751,751,466fbc3092,356234000,Cargo,61.0,399.0,12.1,0,1577929350.0,55.958484166666665,11.00928,16.0,26.816666666666663,2020-01-02 02:42:30,257182000,5.920573765654342,3.107460719341423,-178.03666666666663,-61.83130202564566,-32.74823925335222,56.0569292,11.1016544,20.0,208.78,0.0136724361365866,0.9863275638634134,0.0952947097726588,16.1,0.00625,46.068741285000016,19.25207461833336,-3.1073260226089707,6.686516719249593,10.0,0.0006687307650785,0.1738095238094956,0.0571428571428551,-0.0994938527728566,0.1738095238094956,0.03020975056688362,179.11836275923554
15,597,754,754,466fbc3092,356234000,Cargo,61.0,399.0,12.1,0,1577929360.0,55.95914583333334,11.009881666666669,16.0,26.98333333333335,2020-01-02 02:42:40,257182000,5.832685104290293,3.0609979090817823,-178.38333333333333,-61.84900352940711,-32.72177996381271,56.05613,11.100873,20.0,208.6,0.011950588575235,0.9880494114247648,0.0939032648944303,16.1,0.00625,46.70257275800004,19.71923942466669,-3.113376497349218,6.587102832445606,10.0,0.0017218475613514,0.1666666666666856,0.0,-0.0994138868039877,0.1666666666666856,0.027777777777784084,192.24263612700997
16,598,757,757,466fbc3092,356234000,Cargo,61.0,399.0,12.1,0,1577929370.0,55.959739,11.010425,16.0,27.139999999999983,2020-01-02 02:42:50,257182000,5.744919102742811,3.014192972866675,-178.1733333333333,-61.69051966389955,-33.01556620311954,56.05526433333333,11.100023,20.0,208.96666666666667,0.02895236766292,0.97104763233708,0.0921458140933001,16.1,0.00625,47.18861545500003,20.04861545500005,-3.109711305920029,6.487638613142544,10.0,-0.0170017790876847,0.1566666666666343,0.0,-0.0994642193030612,0.1566666666666343,0.024544444444434307,203.84386542976293
17,599,760,760,466fbc3092,356234000,Cargo,61.0,399.0,12.1,0,1577929380.0,55.9604,11.011035,16.0,27.30000000000001,2020-01-02 02:43:00,257182000,5.654506984501071,2.965948712238034,-178.14999999999998,-61.67525588667186,-33.24888050947173,56.0544225,11.099197,20.05,209.15,0.0393584432240037,0.9606415567759964,0.09034729442407,16.1,0.00625,47.67628596666668,20.376285966666664,-3.109304062427898,6.385162566559903,10.0,-0.0104060755610836,0.1600000000000285,0.0,-0.102476046582641,0.1600000000000285,0.025600000000009122,216.58347255788476
18,600,763,763,466fbc3092,356234000,Cargo,61.0,399.0,12.1,0,1577929390.0,55.96107283333333,11.011652833333336,16.0,27.21666666666664,2020-01-02 02:43:10,257182000,5.569961779555348,2.921030319612031,-178.3166666666666,-61.69339531801097,-33.012998592430094,56.05369,11.098478,20.0,208.9,0.0284969632226381,0.9715030367773618,0.0893199840791656,16.094826856666668,0.0059266785416667,48.62820250333332,21.41153583666668,-3.112212944514554,6.289427029054408,10.0,0.0108614800013654,-0.0833333333333712,0.0,-0.0957355375054955,-0.0833333333333712,0.006944444444450756,229.68018893309278
19,601,766,766,466fbc3092,356234000,Cargo,61.0,399.0,12.1,0,1577929400.0,55.961761714285714,11.012281714285711,16.0,27.157142857142844,2020-01-02 02:43:20,257182000,5.476300479364479,2.871341338304142,-178.25714285714287,-61.70815801226992,-32.98425734020124,56.052822,11.097628,20.0,208.9,0.0267711739088325,0.9732288260911676,0.0878399980675875,16.079253356666666,0.0049533347916665,49.515892003333335,22.35874914619049,-3.111174058055035,6.183402624877491,10.0,0.0017257893138057,-0.0595238095237959,0.0,-0.1060244041769165,-0.0595238095237959,0.0035430839002251356,243.24336724519995
20,602,769,769,466fbc3092,356234000,Cargo,61.0,399.0,12.1,0,1577929410.0,55.962453,11.012908,16.0,26.98333333333335,2020-01-02 02:43:30,257182000,5.384119941336489,2.82249806353686,-178.1500000000001,-61.77293247392065,-32.86063068729242,56.051981,11.096800666666669,20.0,208.8333333333333,0.0200335420196258,0.9799664579803742,0.0864850029805387,16.05769326,0.00360582875,50.49804883000001,23.51471549666666,-3.1093040624279,6.079082402909716,10.0,0.0067376318892066,-0.1738095238094956,0.0,-0.1043202219677752,-0.1738095238094956,0.03020975056688362,257.053893043696
21,603,772,772,466fbc3092,356234000,Cargo,61.0,399.0,12.1,0,1577929420.0,55.96311216666667,11.013508,16.0,26.899999999999977,2020-01-02 02:43:40,257182000,5.300489837325979,2.7780169828581576,-178.0999999999999,-61.80432973456723,-32.800488008467696,56.05125,11.096077,20.0,208.8,0.0168909483310043,0.9831090516689956,0.085194464922942,16.021999506666667,0.0013749691666666,51.55101455333333,24.651014553333354,-3.1084313978019,5.984360523284365,10.0,0.0031425936886214,-0.0833333333333712,0.0,-0.094721879625351,-0.0833333333333712,0.006944444444450756,270.10604732571977
22,604,775,775,466fbc3092,356234000,Cargo,61.0,399.0,12.1,0,1577929430.0,55.963746,11.0140822,15.96,26.98000000000001,2020-01-02 02:43:50,257182000,5.210142853703594,2.729892242892549,-177.94666666666672,-61.69546114284888,-32.97395655484763,56.050382,11.095219,20.03333333333333,209.03333333333333,0.0263457529893608,0.9736542470106392,0.0835606059926229,16.0,0.0025062656641603,52.19999999999999,25.21999999999997,-3.1057552262821773,5.881997978051636,10.0,-0.0094548046583564,0.0800000000000338,-0.0399999999999991,-0.1023625452327285,0.0800000000000338,0.0064000000000054074,282.7711295326371
23,605,778,778,466fbc3092,356234000,Cargo,61.0,399.0,12.1,0,1577929440.0,55.964365,11.01465,15.9,27.100000000000023,2020-01-02 02:44:00,257182000,5.122253210060305,2.683021902860592,-178.4000000000001,-61.78513895338946,-32.842528490839946,56.04954,11.094392,20.1,208.7,0.019080899704814,0.980919100295186,0.0822605885564426,16.0,0.0062893081761006,53.24348022999998,26.14348022999996,-3.1136673855578856,5.782394355213311,10.0,0.0072648532845468,0.1200000000000116,-0.0600000000000005,-0.099603622838325,0.1200000000000116,0.014400000000002784,294.8471462674918
24,606,781,781,466fbc3092,356234000,Cargo,61.0,399.0,12.1,0,1577929450.0,55.9650812,11.0153122,15.9,27.100000000000023,2020-01-02 02:44:10,257182000,5.034954283766752,2.63659981732542,-178.10000000000002,-61.51641460581932,-32.92747470182652,56.048805,11.093673,20.0,209.0,0.0280419702385303,0.9719580297614696,0.0808969024395773,16.0,0.0062893081761006,54.00240408333332,26.90240408333329,-3.108431397801901,5.683522080219413,10.0,-0.0089610705337164,0.0,0.0,-0.0988722749938979,0.0,0.0,308.6017412872195
25,607,784,784,466fbc3092,356234000,Cargo,61.0,399.0,12.1,0,1577929460.0,55.96574757142857,11.015913714285714,15.9,26.81428571428569,2020-01-02 02:44:20,257182000,4.942653254216853,2.587751667541013,-177.9142857142857,-61.619126224132415,-32.73072356008731,56.047937,11.092821,20.0,208.9,0.018201846904405,0.9817981530955948,0.0795997915908703,16.0,0.0062893081761006,54.44660416666667,27.63231845238098,-3.105190072048197,5.579093105898282,10.0,0.0098401233341252,-0.2857142857143344,0.0,-0.1044289743211317,-0.2857142857143344,0.0816326530612523,322.0084188836781
26,608,787,787,466fbc3092,356234000,Cargo,61.0,399.0,12.1,0,1577929470.0,55.966393,11.016509666666668,15.883333333333333,26.41666666666663,2020-01-02 02:44:30,257182000,4.853196619021646,2.539939164903505,-177.51666666666665,-61.74292783988016,-32.555865179828054,56.04709533333333,11.091994333333334,20.03333333333333,208.9,0.009292028075514,0.990707971924486,0.0782928071223091,16.00927053,0.0079288896117522,54.81058775000001,28.39392108333338,-3.0982503104986003,5.477664500888481,10.0,0.0089098188288911,-0.3976190476190595,-0.0166666666666674,-0.1014286050098007,-0.3976190476190595,0.1581009070294879,334.4385954033242
27,609,790,790,466fbc3092,356234000,Cargo,61.0,399.0,12.1,0,1577929480.0,55.967043,11.017101333333333,15.8,26.58333333333337,2020-01-02 02:44:40,257182000,4.769983103229914,2.495806167227761,-177.48333333333335,-61.60532256775584,-32.74566389826648,56.046362,11.091273,20.1,209.1,0.0192467667312889,0.9807532332687112,0.0767817122634445,16.03207082,0.0146880265822785,55.000590166666655,28.417256833333283,-3.097668534081269,5.38347352825952,10.0,-0.0099547386557747,0.1666666666667424,-0.0833333333333321,-0.0941909726289607,0.1666666666667424,0.027777777777803023,347.3114765694413
28,610,793,793,466fbc3092,356234000,Cargo,61.0,399.0,12.1,0,1577929490.0,55.9676254,11.017628,15.8,26.860000000000014,2020-01-02 02:44:50,257182000,4.682915686344205,2.448842042638783,-176.96000000000004,-61.27000320445395,-33.352937260068494,56.045497,11.090402333333332,20.1,209.9,0.0484483503394128,0.9515516496605873,0.0747866916522931,16.046160450000002,0.0155797753164557,55.11800374999998,28.258003749999965,-3.088534644329166,5.284555485109784,10.0,-0.0292015836081239,0.2766666666666424,0.0,-0.0989180431497365,0.2766666666666424,0.07654444444443102,358.9902985432302
29,611,796,796,466fbc3092,356234000,Cargo,61.0,399.0,12.1,0,1577929500.0,55.96832,11.018282,15.8,27.100000000000023,2020-01-02 02:45:00,257182000,4.591143601741607,2.3977010365410254,-176.45000000000005,-60.95379576302831,-33.90927082152272,56.044666,11.089535,20.1,210.65,0.0751148248616438,0.924885175138356,0.0727485749483417,16.059474350000002,0.0164224272151899,55.216320449999984,28.11632044999996,-3.079633465143995,5.179533746626506,10.0,-0.0266664745222312,0.2400000000000091,0.0,-0.1050217384832779,0.2400000000000091,0.05760000000000436,371.84232938501077
30,612,799,799,466fbc3092,356234000,Cargo,61.0,399.0,12.1,0,1577929510.0,55.968903,11.0188156,15.8,27.0,2020-01-02 02:45:10,257182000,4.512582749019491,2.354282061578811,-176.20000000000005,-60.92591211540887,-33.949460759838004,56.043943,11.088777,20.1,210.8,0.0771432087722921,0.9228567912277078,0.071426858220542,16.08568345,0.0180812310126582,55.39978415,28.399784149999995,-3.0752701420140096,5.089798335122923,10.0,-0.0020283839106481,-0.1000000000000227,0.0,-0.0897354115035824,-0.1000000000000227,0.01000000000000454,383.26787422944693
31,613,802,802,466fbc3092,356234000,Cargo,61.0,399.0,12.1,0,1577929520.0,55.96962628571429,11.019463142857145,15.842857142857143,26.80000000000001,2020-01-02 02:45:20,257182000,4.416140413413942,2.301248320346877,-175.9666666666667,-61.03713098021903,-33.910936196389684,56.043063,11.087847,20.1,210.8333333333333,0.0736513262590879,0.926348673740912,0.0698440669356399,16.11438641,0.017138907754734,55.53493842428571,28.7349384242857,-3.071197707092689,4.979763044853358,10.0,0.0034918825132042,-0.1999999999999886,0.0428571428571427,-0.1100352902695656,-0.1999999999999886,0.03999999999999544,398.0451006494671
32,614,805,805,466fbc3092,356234000,Cargo,61.0,399.0,12.1,0,1577929530.0,55.97028833333333,11.020051166666669,15.9,26.58333333333337,2020-01-02 02:45:30,257182000,4.328195056823806,2.25292512323561,-175.25,-61.01274397962699,-34.14860046344198,56.042263,11.086997666666669,20.1,211.3333333333333,0.0824538727995629,0.917546127200437,0.0681407091070943,16.15306553,0.0159160710691823,55.62887342999999,29.04554009666662,-3.0586895141200627,4.879440957816809,10.0,-0.0088025465404749,-0.2166666666666401,0.0571428571428569,-0.1003220870365488,-0.2166666666666401,0.04694444444443294,411.7670808150908
33,615,808,808,466fbc3092,356234000,Cargo,61.0,399.0,12.1,0,1577929540.0,55.97095166666666,11.020638666666668,15.983333333333334,26.5,2020-01-02 02:45:40,257182000,4.245105877736643,2.2073612225325823,-175.0,-61.11855586352195,-34.27765567450564,56.041545,11.08623,20.1,211.5,0.0845392062149782,0.9154607937850218,0.0665969872907921,16.197491539999998,0.0133988450469236,55.73676516857142,29.236765168571416,-3.0543261909900767,4.7847013992447565,10.0,-0.0020853334154152,-0.0833333333333712,0.0833333333333339,-0.0947395585720523,-0.0833333333333712,0.006944444444450756,425.58549719625074
34,616,811,811,466fbc3092,356234000,Cargo,61.0,399.0,12.1,0,1577929550.0,55.9715525,11.0211735,16.0,26.30000000000001,2020-01-02 02:45:50,257182000,4.157796161463063,2.158617134120789,-174.5333333333333,-61.10044637365573,-34.3496961553703,56.04069433333333,11.085315,20.1,211.76666666666665,0.0875825121439046,0.9124174878560952,0.0650953112758463,16.2,0.0124999999999999,55.941399817142845,29.64139981714284,-3.046181321147436,4.684751525107477,10.0,-0.0030433059289265,-0.1999999999999886,0.0166666666666657,-0.0999498741372795,-0.1999999999999886,0.03999999999999544,437.9903787161362
35,617,814,814,466fbc3092,356234000,Cargo,61.0,399.0,12.1,0,1577929560.0,55.972285,11.021828,16.1,26.399999999999977,2020-01-02 02:46:00,257182000,4.067039462379463,2.1085386045491066,-174.67999999999995,-61.26720797796448,-34.45770597825849,56.039918,11.0844802,20.1,211.72,0.0873920840846337,0.9126079159153664,0.0634384140660415,16.2,0.0062111801242234,56.12586473142856,29.725864731428587,-3.048741137383694,4.581129231469652,10.0,0.0001904280592711,0.0999999999999659,0.1000000000000014,-0.1036222936378248,0.0999999999999659,0.00999999999999318,453.0115997059421
36,618,817,817,466fbc3092,356234000,Cargo,61.0,399.0,12.1,0,1577929570.0,55.9729304,11.0224146,16.1,26.720000000000027,2020-01-02 02:46:10,257182000,3.9821437337936336,2.060998486972117,-175.32000000000005,-61.30326546777265,-34.428109662360505,56.039152,11.083653,20.1,211.4,0.0850496355111611,0.9149503644888388,0.0620792649466856,16.2,0.0062111801242234,56.29294277333334,29.57294277333331,-3.05991124459646,4.483880404280789,10.0,0.0023424485734724,0.32000000000005,0.0,-0.0972488271888627,0.32000000000005,0.10240000000003202,465.8339177856919
37,619,820,820,466fbc3092,356234000,Cargo,61.0,399.0,12.1,0,1577929580.0,55.9736095,11.023033,16.1,27.0,2020-01-02 02:46:20,257182000,3.888625165840834,2.0081243384209104,-175.0333333333333,-61.031207443827405,-34.89338027390995,56.038276333333336,11.082699,20.1,211.96666666666667,0.103655088323958,0.8963449116760419,0.0601745368386529,16.2,0.0062111801242234,56.376755546666686,29.376755546666686,-3.054907967407408,4.376524767320422,10.0,-0.0186054528127969,0.2799999999999727,0.0,-0.1073556369603672,0.2799999999999727,0.07839999999998472,479.2775082770369
38,620,823,823,466fbc3092,356234000,Cargo,61.0,399.0,12.1,0,1577929590.0,55.9742576,11.0236514,16.1,27.97999999999996,2020-01-02 02:46:30,257182000,3.801794962913384,1.95809975451577,-175.92285714285708,-60.75141725463516,-35.42054336380548,56.03748085714286,11.081829857142855,20.1,212.05714285714285,0.1217170335218718,0.8782829664781281,0.0583375744916057,16.2,0.0062111801242234,56.4666666666667,28.486666666666736,-3.0704330866584804,4.276423691435204,10.0,-0.0180619451979138,0.9799999999999612,0.0,-0.1001010758852185,0.9799999999999612,0.960399999999924,490.9326711639188
39,621,826,826,466fbc3092,356234000,Cargo,61.0,399.0,12.1,0,1577929600.0,55.974858,11.024253,16.1,29.30000000000001,2020-01-02 02:46:40,257182000,3.722442808347578,1.9116398983068064,-177.70000000000005,-60.57024621207162,-35.78845953529052,56.036762,11.08105,20.1,211.6,0.1314720941083578,0.8685279058916422,0.0566572225343294,16.233050008333333,0.0082639756728777,56.4666666666667,27.16666666666669,-3.1014500807939243,4.184608412052083,10.0,-0.0097550605864858,1.32000000000005,0.0,-0.0918152793831206,1.32000000000005,1.742400000000132,500.53508468832666
40,622,829,829,466fbc3092,356234000,Cargo,61.0,399.0,12.1,0,1577929610.0,55.975541,11.024973666666666,16.1,30.933333333333337,2020-01-02 02:46:50,257182000,3.630074111904442,1.856482693271044,-179.36666666666667,-60.13451726185361,-36.54078724405647,56.03590933333333,11.080130666666664,20.1,211.56666666666663,0.1541048911417673,0.8458951088582327,0.0544314320410878,16.249609625,0.0092925232919254,56.4666666666667,25.53333333333336,-3.130538901660496,4.077249814315249,10.0,-0.0226327970334094,1.6333333333333258,0.0,-0.1073585977368338,1.6333333333333258,2.667777777777753,509.94790569745726
41,623,832,832,466fbc3092,356234000,Cargo,61.0,399.0,12.1,0,1577929620.0,55.9761945,11.025718,16.1,33.10000000000002,2020-01-02 02:47:00,257182000,3.544142829389725,1.802961991617383,179.12,-59.436184416569176,-38.02608527019691,56.0351342,11.0792838,20.2,212.22,0.1961110449997406,0.8038889550002594,0.0516458189928293,16.249374566666667,0.009277923395445,56.4666666666667,23.366666666666674,3.126233756172243,3.976382820897848,10.0,-0.0420061538579733,2.1666666666666856,0.0,-0.1008669934174015,2.1666666666666856,4.694444444444526,516.6738223947534
42,624,835,835,466fbc3092,356234000,Cargo,61.0,399.0,12.1,0,1577929630.0,55.976767,11.0264475,16.1,35.0,2020-01-02 02:47:10,257182000,3.4641608610751224,1.7497715591625798,178.10000000000002,-58.529674708222615,-39.393641930818525,56.034377,11.078432,20.2,213.1,0.2366708099588592,0.7633291900411407,0.049125379768843,16.257094725,0.0097574363354037,56.4666666666667,21.466666666666697,3.108431397801901,3.88099355586414,10.0,-0.0405597649591186,1.8999999999999773,0.0,-0.0953892650337078,1.8999999999999773,3.6099999999999137,519.3436190836692
43,625,838,838,466fbc3092,356234000,Cargo,61.0,399.0,12.1,0,1577929640.0,55.9773605,11.0272575,16.1,37.14999999999998,2020-01-02 02:47:20,257182000,3.3768318320298287,1.6888517234485574,176.61666666666667,-57.478746444143226,-40.65200988159137,56.033518666666666,11.077431,20.133333333333333,213.76666666666668,0.2735192027151391,0.7264807972848609,0.0466377820079445,16.265800125000002,0.0102981444099379,56.4666666666667,19.31666666666672,3.082542347230652,3.775607681632864,10.0,-0.0368483927562798,2.1499999999999773,0.0,-0.1053858742312758,2.1499999999999773,4.622499999999902,519.8749541606612
44,626,841,841,466fbc3092,356234000,Cargo,61.0,399.0,12.1,0,1577929650.0,55.977965,11.0281485,16.0,39.39999999999998,2020-01-02 02:47:30,257182000,3.293967502331029,1.62778133176618,174.92857142857144,-56.29891200640906,-41.774851973565376,56.03274557142857,11.076506714285712,20.1,214.32857142857145,0.3071813553719502,0.6928186446280498,0.0444127756483884,16.282383266666667,0.0176489541666666,56.4666666666667,17.06666666666672,3.0530795272386526,3.6742201853535392,10.0,-0.0336621526568111,2.25,-0.1000000000000014,-0.1013874962793246,2.25,5.0625,517.6701352318174
45,627,844,844,466fbc3092,356234000,Cargo,61.0,399.0,12.1,0,1577929660.0,55.978467,11.0289325,16.0,41.25,2020-01-02 02:47:40,257182000,3.22205230821591,1.5730865338254332,173.25,-55.583015075312176,-42.63686514775641,56.032052,11.075665,20.1,214.5,0.3284151846478657,0.6715848153521343,0.0426098859703523,16.288992648333334,0.0180620405208333,56.46100735166668,15.21100735166668,3.023782929080176,3.585557462903417,10.0,-0.0212338292759154,1.8500000000000227,0.0,-0.0886627224501221,1.8500000000000227,3.4225000000000843,514.0050297780415
46,628,847,847,466fbc3092,356234000,Cargo,61.0,399.0,12.1,0,1577929670.0,55.979009000000005,11.029835,16.1,42.700000000000045,2020-01-02 02:47:50,257182000,3.1398863021839385,1.5092572016534702,171.39999999999998,-55.35318344933874,-43.12849466098788,56.031228,11.074670333333334,20.1,214.1,0.3360489198531176,0.6639510801468824,0.040944084583135,16.295664506666668,0.0121530749482401,56.45433549333333,13.754335493333286,2.9914943379182803,3.4837828995770086,10.0,-0.0076337352052519,1.4500000000000457,0.1000000000000014,-0.1017745633264084,1.4500000000000457,2.1025000000001324,507.7164194174499
47,629,850,850,466fbc3092,356234000,Cargo,61.0,399.0,12.1,0,1577929680.0,55.97958785714286,11.030854142857144,16.1,44.34285714285716,2020-01-02 02:48:00,257182000,3.059473816392753,1.4449073179291427,168.93714285714282,-55.04543444213671,-43.313900795616135,56.03047,11.073777,20.1,213.28,0.3389910693582511,0.6610089306417489,0.0396538762330804,16.3,0.0124223602484471,56.49130931,12.148452167142835,2.9485093717691626,3.383509596646362,10.0,-0.0029421495051334,1.6428571428571177,0.0,-0.1002733029306464,1.6428571428571177,2.698979591836652,498.7005360554752
48,630,853,853,466fbc3092,356234000,Cargo,61.0,399.0,12.1,0,1577929690.0,55.9801058,11.031807,16.1,45.68000000000001,2020-01-02 02:48:10,257182000,2.9830876819766328,1.38343693512703,167.31999999999994,-54.63327730369758,-43.6703556448585,56.029718,11.072903,20.1,213.0,0.3471381377407475,0.6528618622592526,0.0382490926058025,16.3,0.0124223602484471,56.56545099500001,10.885450995000006,2.9202849044369112,3.288268521856813,10.0,-0.0081470683824963,1.337142857142844,0.0,-0.0952410747895493,1.337142857142844,1.7879510204081284,488.9294056816066
49,631,856,856,466fbc3092,356234000,Cargo,61.0,399.0,12.1,0,1577929700.0,55.980623,11.0328005,16.1,46.950000000000045,2020-01-02 02:48:20,257182000,2.899831058555631,1.3167284829197383,165.3499999999999,-54.55347840887551,-43.85143197867882,56.028851,11.071914,20.2,212.3,0.3478950488548141,0.652104951145186,0.036883293155393,16.3,0.0124223602484471,56.64765465714288,9.697654657142834,2.8859019181726224,3.1847753556406437,10.0,-0.0007569111140666,1.2700000000000389,0.0,-0.1034931662161695,1.2700000000000389,1.6129000000000988,477.42466319413955
50,632,859,859,466fbc3092,356234000,Cargo,61.0,399.0,12.1,0,1577929710.0,55.98110233333333,11.033764666666666,16.1,48.333333333333314,2020-01-02 02:48:30,257182000,2.8376775775355227,1.263214737264413,163.9666666666667,-53.99514518513889,-44.36051618615351,56.028297,11.071288,20.2,212.3,0.3606023010688307,0.6393976989311694,0.03562878190088,16.3,0.0124223602484471,56.7416619714286,8.408328638095284,2.8617581968533696,3.106143188343041,10.0,-0.0127072522140165,1.383333333333269,0.0,-0.0786321672976022,1.383333333333269,1.9136111111109328,464.956487297231
51,633,862,862,466fbc3092,356234000,Cargo,61.0,399.0,12.1,0,1577929720.0,55.981589666666665,11.034828,16.066666666666666,50.23333333333335,2020-01-02 02:48:40,257182000,2.750626466679302,1.1919310989919376,161.26666666666665,-53.45684600716186,-44.52221747700904,56.027337,11.070233,20.2,211.5,0.3655129895109792,0.6344870104890208,0.0344095932185429,16.31937268,0.0157285900414938,56.801871354285744,6.568538020952396,2.8146343070495217,2.9977734577417268,10.0,-0.0049106884421485,1.900000000000034,-0.0333333333333349,-0.1083697306013142,1.900000000000034,3.6100000000001295,448.82346225828076
52,634,865,865,466fbc3092,356234000,Cargo,61.0,399.0,12.1,0,1577929730.0,55.982,11.035782,16.0,52.19999999999999,2020-01-02 02:48:50,257182000,2.6743027850141488,1.1286535777557216,158.83333333333337,-52.87436530970281,-44.9181146703692,56.02647833333334,11.069306666666668,20.3,211.03333333333333,0.3744572508316796,0.6255427491683203,0.0332294287103369,16.348129715000002,0.0217581071875001,56.84706098071431,4.647060980714322,2.7721646285843278,2.902714985064021,10.0,-0.0089442613207004,1.96666666666664,-0.0666666666666664,-0.0950584726777052,1.96666666666664,3.8677777777776727,432.79816131632134
53,635,868,868,466fbc3092,356234000,Cargo,61.0,399.0,12.1,0,1577929740.0,55.98248633333333,11.0369705,16.0,53.89999999999998,2020-01-02 02:49:00,257182000,2.597697937794348,1.0601989006514607,157.18000000000006,-52.18693842168669,-45.54047802202554,56.025691,11.0684612,20.34,211.08,0.3890537691542086,0.6109462308457914,0.0317600096121115,16.371680175,0.0232300109375001,56.828319825000015,2.928319825000038,2.7433085182846884,2.8057184970990185,10.0,-0.0145965183225289,1.6999999999999886,0.0,-0.0969964879650029,1.6999999999999886,2.8899999999999615,411.3999423141139
54,636,871,871,466fbc3092,356234000,Cargo,61.0,399.0,12.1,0,1577929750.0,55.98288133333333,11.037967166666666,16.0,54.73333333333335,2020-01-02 02:49:10,257182000,2.52727024073815,0.9984107199031051,156.66666666666663,-51.804543764563846,-46.053903233930896,56.024915,11.067622,20.4,211.4,0.3986431538247741,0.6013568461752259,0.0302762141583714,16.394971854999998,0.0246857409374998,56.805028145000016,2.071694811666667,2.734349161457782,2.7173367173278518,10.0,-0.0095893846705654,0.8333333333333712,0.0,-0.0883817797711672,0.8333333333333712,0.6944444444445076,392.71572431000203
55,637,874,874,466fbc3092,356234000,Cargo,61.0,399.0,12.1,0,1577929760.0,55.983321,11.0390965,16.05,55.14999999999998,2020-01-02 02:49:20,257182000,2.4474018621801834,0.9278757031725992,156.1500000000001,-51.71094941210741,-46.20447622971373,56.02402666666666,11.066655666666668,20.4,211.3,0.4007967210944052,0.5992032789055948,0.0287702926901791,16.37022455,0.0199516853582553,56.6808982,1.530898200000017,2.725331626989147,2.617389767600744,10.0,-0.0021535672696311,0.4166666666666287,0.0500000000000007,-0.0999469497271077,0.4166666666666287,0.1736111111110795,371.08881197884244
56,638,877,877,466fbc3092,356234000,Cargo,61.0,399.0,12.1,0,1577929770.0,55.983722,11.040142,16.1,55.5,2020-01-02 02:49:30,257182000,2.3743943684743574,0.863331297797521,155.51428571428573,-51.71157626262114,-46.22378214151151,56.02321371428572,11.065783571428572,20.4,211.0142857142857,0.4004937095902494,0.5995062904097506,0.0274733963362719,16.325798108333334,0.0140247272256728,56.50319243333331,1.0031924333333109,2.714236319601468,2.526477695686129,10.0,0.0003030115041557,0.3500000000000227,0.0500000000000007,-0.0909120719146141,0.3500000000000227,0.12250000000001587,350.72028936999317
57,639,880,880,466fbc3092,356234000,Cargo,61.0,399.0,12.1,0,1577929780.0,55.98418771428571,11.041362142857142,16.2,55.74285714285713,2020-01-02 02:49:40,257182000,2.302260893462017,0.7959502676952555,155.05714285714294,-51.95466159713599,-46.43163354455869,56.02248,11.065002,20.5,210.8,0.4011419011304701,0.5988580988695298,0.0260000184002643,16.274665896666665,0.0046090059670781,56.13666061666665,0.3938034738095197,2.706257671592352,2.435968400905207,10.0,-0.0006481915402207,0.2428571428571331,0.0999999999999978,-0.0905092947809222,0.2428571428571331,0.05897959183672996,326.8194857650334
58,640,883,883,466fbc3092,356234000,Cargo,61.0,399.0,12.1,0,1577929790.0,55.98459,11.042425,16.2,56.19999999999999,2020-01-02 02:49:50,257182000,2.2257493071312693,0.7289797071803987,154.56666666666672,-51.75830160464531,-46.55231736167227,56.02161,11.064075333333331,20.5,210.76666666666668,0.4033599232775711,0.5966400767224289,0.0246035971726976,16.216648916666667,0.0010277109053498,55.68081291666668,-0.5191870833333141,2.697697247165903,2.342086973550757,10.0,-0.0022180221471008,0.4571428571428555,0.0,-0.0938814273544501,0.4571428571428555,0.2089795918367332,305.8047473950729
59,641,886,886,466fbc3092,356234000,Cargo,61.0,399.0,12.1,0,1577929800.0,55.98503383333333,11.043604166666666,16.2,56.4666666666667,2020-01-02 02:50:00,257182000,2.1513106083418565,0.6608271398718875,154.33333333333326,-51.62445626742445,-46.653482484132425,56.020816,11.06323,20.5,210.8,0.4056861280669586,0.5943138719330414,0.0231614502645775,16.2,0.0,55.161159585,-1.305507081666697,2.6936248122445807,2.250517683191018,10.0,-0.0023262047893874,0.2666666666667083,0.0,-0.0915692903597391,0.2666666666667083,0.07111111111113332,282.348567351921
60,642,889,889,466fbc3092,356234000,Cargo,61.0,399.0,12.1,0,1577929810.0,55.98545133333333,11.04473,16.283333333333335,56.4666666666667,2020-01-02 02:50:10,257182000,2.0791189420510228,0.5948827319068416,154.43333333333328,-51.67827714054408,-46.84821809296491,56.020033,11.062397,20.5,210.9,0.4071968716092052,0.5928031283907949,0.0216570392682215,16.2,-0.0051177072671444,54.63398578499999,-1.832680881666711,2.6953701414965754,2.162549661838153,10.0,-0.0015107435422465,0.0,0.0833333333333357,-0.0879680213528644,0.0,0.0,259.5930966151925
61,643,892,892,466fbc3092,356234000,Cargo,61.0,399.0,12.1,0,1577929820.0,55.98585,11.045799,16.3,56.44999999999999,2020-01-02 02:50:20,257182000,2.0013073898298805,0.5265744847278838,154.41666666666674,-51.71575584327313,-46.85023473607063,56.019137666666666,11.061437,20.5,210.86666666666667,0.4062279670628851,0.5937720329371148,0.0201831944336264,16.2,-0.0061349693251534,53.95674999999997,-2.493250000000017,2.695079253287912,2.069423097521173,10.0,0.0009689045463199,-0.0166666666667083,0.0166666666666657,-0.0931265643169805,-0.0166666666667083,0.00027777777777916556,238.116718030764
62,644,895,895,466fbc3092,356234000,Cargo,61.0,399.0,12.1,0,1577929830.0,55.986247,11.046867,16.3,56.60000000000002,2020-01-02 02:50:30,257182000,1.92868875434527,0.4610569697801296,154.0999999999999,-51.705889563734765,-46.79640386510432,56.018327,11.060559,20.5,210.7,0.4057087458685681,0.5942912541314318,0.0188586082504636,16.2,-0.0061349693251534,53.08483499999996,-3.51516500000006,2.68955237732326,1.983031477440725,10.0,0.000519221194317,0.1500000000000341,0.0,-0.0863916200804479,0.1500000000000341,0.02250000000001023,216.5866685329703
63,645,898,898,466fbc3092,356234000,Cargo,61.0,399.0,12.1,0,1577929840.0,55.98667557142857,11.048022142857144,16.3,56.7714285714286,2020-01-02 02:50:40,257182000,1.8542134646515287,0.3924675429042589,153.92857142857133,-51.62666778707994,-46.84847112591935,56.017517,11.059677,20.5,210.7,0.4069380328086306,0.5930619671913694,0.0174199946214422,16.186440095,-0.0069668653374234,52.29037643666664,-4.48105213476196,2.6865603843198413,1.8952937357381665,10.0,-0.0012292869400624,0.1714285714285779,0.0,-0.0877377417025586,0.1714285714285779,0.029387755102043035,193.25349048151386
64,646,901,901,466fbc3092,356234000,Cargo,61.0,399.0,12.1,0,1577929850.0,55.9871225,11.0492355,16.35,56.85000000000002,2020-01-02 02:50:50,257182000,1.7786563414626804,0.3219036580303885,153.68333333333328,-51.70248850230728,-46.85387328246088,56.016707333333336,11.058794666666666,20.5,210.53333333333333,0.4070801499014128,0.5929198500985872,0.0159672518508514,16.162589465,-0.0114624180428135,51.51125585666667,-5.338744143333351,2.682280172106618,1.8075509248922288,10.0,-0.0001421170927822,0.078571428571422,0.0500000000000007,-0.0877428108459374,0.078571428571422,0.00617346938775407,168.55848892696335
65,647,904,904,466fbc3092,356234000,Cargo,61.0,399.0,12.1,0,1577929860.0,55.9875,11.050257,16.4,56.80000000000001,2020-01-02 02:51:00,257182000,1.7104626721595175,0.2598403474975744,153.73333333333335,-51.61149170561967,-46.82126879434193,56.01595066666667,11.057973,20.4,210.53333333333333,0.4074937335545646,0.5925062664454355,0.014647624786934,16.10447585,-0.0180197652439023,50.71304472500002,-6.086955274999994,2.6831528367326163,1.7300865755905792,10.0,-0.0004135836531516,-0.0500000000000113,0.0499999999999971,-0.0774643493016495,-0.0500000000000113,0.00250000000000113,147.8407743742242
66,648,907,907,466fbc3092,356234000,Cargo,61.0,399.0,12.1,0,1577929870.0,55.98792083333333,11.051386166666669,16.316666666666666,56.46666666666664,2020-01-02 02:51:10,257182000,1.6329915420278889,0.1902990429025375,154.13333333333333,-51.82075132722031,-46.72291562521632,56.015083,11.057037,20.5,210.6,0.4056623625701046,0.5943376374298954,0.013104404168616,16.030402416666668,-0.0175442849846781,50.08342054166668,-6.383246124999964,2.690134153740593,1.6440423054362818,10.0,0.0018313709844599,-0.3333333333333712,-0.0833333333333321,-0.0860442701542973,-0.3333333333333712,0.11111111111113633,125.14497058900314
67,649,910,910,466fbc3092,356234000,Cargo,61.0,399.0,12.1,0,1577929880.0,55.9883865,11.052602,16.2,55.55000000000001,2020-01-02 02:51:20,257182000,1.556197797615683,0.1196880071616068,155.39,-51.99220957311504,-46.45539528462174,56.0142714,11.056156,20.5,210.94,0.4042433452152076,0.5957566547847923,0.0114362008618343,15.973580641666668,-0.0139765036008228,49.55654834166667,-5.993451658333342,2.712067124673988,1.5607936456694778,10.0,0.0014190173548969,-0.9166666666666288,-0.1166666666666671,-0.083248659766804,-0.9166666666666288,0.8402777777777083,101.43179804644284
68,650,913,913,466fbc3092,356234000,Cargo,61.0,399.0,12.1,0,1577929890.0,55.988773,11.05357,16.2,54.39999999999998,2020-01-02 02:51:30,257182000,1.484157845563527,0.0573643352969933,156.60000000000002,-52.48831447699192,-46.12842673467853,56.01345966666666,11.055273333333334,20.5,211.0,0.4003628684185926,0.5996371315814074,0.0099334131022088,15.935330941666669,-0.0163375961934155,49.05930224166668,-5.340697758333299,2.7331856086231205,1.4852660292054871,10.0,0.003880476796615,-1.150000000000034,0.0,-0.0755276164639904,-1.150000000000034,1.3225000000000784,83.46251950190339
69,651,916,916,466fbc3092,356234000,Cargo,61.0,399.0,12.1,0,1577929900.0,55.989263666666666,11.054708666666668,16.2,52.73333333333329,2020-01-02 02:51:40,257182000,1.4058611289964489,-0.0107995396697329,158.36666666666667,-53.18939448612677,-45.64402047714739,56.012648,11.054388,20.5,211.1,0.396412309716748,0.603587690283252,0.0082421446564223,15.902735658333334,-0.0183496507201645,48.63556355833335,-4.097769774999939,2.7640197587416866,1.40590260831974,10.0,0.0039505587018445,-1.6666666666666856,0.0,-0.0793634208857474,-1.6666666666666856,2.7777777777778407,64.40554366253397
70,652,919,919,466fbc3092,356234000,Cargo,61.0,399.0,12.1,0,1577929910.0,55.9897565,11.0557925,16.15,51.10000000000002,2020-01-02 02:51:50,257182000,1.3274962094309637,-0.0770858545689317,159.93333333333328,-53.8588526178838,-44.97497986638517,56.01183733333333,11.053503666666666,20.5,211.03333333333333,0.3924983392002559,0.6075016607997441,0.0066465941796929,15.9,-0.0154798761609906,48.34469696500001,-2.7553030350000114,2.7913632503562638,1.3297324599438036,10.0,0.0039139705164921,-1.633333333333269,-0.0500000000000007,-0.0761701483759362,-1.633333333333269,2.6677777777775673,47.75635395021729
71,653,922,922,466fbc3092,356234000,Cargo,61.0,399.0,12.1,0,1577929920.0,55.99024633333333,11.056800833333334,15.983333333333334,49.68333333333334,2020-01-02 02:52:00,257182000,1.2523994158956484,-0.1387886943330164,161.1833333333334,-54.30684445306322,-44.13369597410643,56.011078,11.05268,20.5,210.86666666666667,0.3891586017212564,0.6108413982787435,0.0052068334938765,15.9,-0.0052137643378519,48.03160093499999,-1.651732398333344,2.813179866006194,1.2600661088254157,10.0,0.0033397374789994,-1.4166666666666856,-0.1666666666666643,-0.0696663511183879,-1.4166666666666856,2.006944444444498,34.07650455425891
72,654,925,925,466fbc3092,356234000,Cargo,61.0,399.0,12.1,0,1577929930.0,55.990743,11.057784166666666,15.9,48.60000000000002,2020-01-02 02:52:10,257182000,1.1701803031533184,-0.2033349234639331,162.0999999999999,-54.70334169275112,-43.52830721788554,56.010207,11.051747,20.5,210.7,0.3866377020473738,0.6133622979526261,0.0036806518055912,15.9,0.0,47.836237855,-0.7637621450000225,2.8291787174828067,1.1877150470496178,10.0,0.0025208996738825,-1.0833333333333144,-0.0833333333333339,-0.0723510617757978,-1.0833333333333144,1.17361111111107,21.832276812645222
73,655,928,928,466fbc3092,356234000,Cargo,61.0,399.0,12.1,0,1577929940.0,55.991240000000005,11.058755,15.9,47.94999999999999,2020-01-02 02:52:20,257182000,1.0921509865503192,-0.2648354219854669,162.93000000000006,-55.03441265782436,-43.482300593861325,56.009406,11.050892,20.58,210.88,0.3867018341977247,0.6132981658022753,0.0021524923882015,15.9,0.0,47.678785945000016,-0.2712140549999731,2.8436649502743623,1.1238022860632806,10.0,-6.413215035083741e-05,-0.6500000000000341,0.0,-0.0639127609863372,-0.6500000000000341,0.42250000000004434,10.128314925582947
74,656,931,931,466fbc3092,356234000,Cargo,61.0,399.0,12.1,0,1577929950.0,55.991688,11.05962,15.9,47.60000000000002,2020-01-02 02:52:30,257182000,1.0150648517815493,-0.3240764419734431,163.29999999999995,-55.20041148691025,-43.38736660370384,56.00857166666667,11.049998333333331,20.6,210.9,0.3861596698526361,0.6138403301473638,0.0007390540505164,15.9,0.0,47.46164906000001,-0.1383509400000093,2.85012266850674,1.0655431448629684,10.0,0.0005421643450885,-0.3499999999999659,0.0,-0.0582591412003121,-0.3499999999999659,0.12249999999997613,0.0
